{
  "ts_utc": "2026-02-24T19:59:55.934338+00:00",
  "status": "warning",
  "critical_count": 0,
  "warning_count": 1,
  "portfolio_action": "soft_pause",
  "limits_path": "/workspace/hbot/config/portfolio_limits_v1.json",
  "publish_actions_enabled": true,
  "synthetic_breach": false,
  "metrics": {
    "portfolio_daily_loss_pct": 3.979729233092426e-06,
    "abs_net_exposure_quote": 9631.366699999999,
    "max_equity_share_pct": 0.5814098683026536,
    "total_equity_quote": 13568.6333,
    "concentration_candidate_bot_count": 2,
    "concentration_min_equity_quote": 100.0
  },
  "risk_scope_bots": [
    "bot1",
    "bot4"
  ],
  "bots": {
    "bot1": {
      "equity_quote": 7888.9373,
      "base_pct": 0.16338541567569564,
      "daily_loss_pct": 0.0,
      "drawdown_pct": 0.0007057310608828641,
      "directional_exposure_quote": -5311.0626999999995,
      "base_exposure_abs_quote": 1288.9373
    },
    "bot2": {
      "equity_quote": 77232.195,
      "base_pct": 0.8705203186313687,
      "daily_loss_pct": 0.0,
      "drawdown_pct": 0.0,
      "directional_exposure_quote": 57232.19500000001,
      "base_exposure_abs_quote": 67232.195
    },
    "bot3": {
      "equity_quote": 7890.2555,
      "base_pct": 0.16352518622495812,
      "daily_loss_pct": 0.0012096238298755313,
      "drawdown_pct": 0.0012277538756013374,
      "directional_exposure_quote": -5309.7445,
      "base_exposure_abs_quote": 1290.2555000000002
    },
    "bot4": {
      "equity_quote": 5679.696,
      "base_pct": 0.11967119366952034,
      "daily_loss_pct": 9.507460715700515e-06,
      "drawdown_pct": 1.100398899002484e-05,
      "directional_exposure_quote": -4320.304,
      "base_exposure_abs_quote": 679.696
    }
  },
  "findings": [
    {
      "severity": "warning",
      "check": "concentration_cap",
      "message": "concentration_warning",
      "details": {
        "max_equity_share_pct": 0.5814098683026536,
        "cap_pct": 0.7,
        "warn_level_pct": 0.5599999999999999,
        "candidate_bot_count": 2,
        "min_equity_quote": 100.0
      }
    }
  ],
  "actions": [
    {
      "bot": "bot1",
      "action": "soft_pause",
      "event_id": "cb8b5ee9-f834-4225-8263-8f8d3193e797"
    },
    {
      "bot": "bot4",
      "action": "soft_pause",
      "event_id": "29716fb7-4db2-4609-b4c5-67cd4bea6e62"
    }
  ]
}