{
  "ts_utc": "2026-02-24T03:49:56.108199+00:00",
  "status": "warning",
  "critical_count": 0,
  "warning_count": 1,
  "portfolio_action": "soft_pause",
  "limits_path": "/workspace/hbot/config/portfolio_limits_v1.json",
  "publish_actions_enabled": true,
  "synthetic_breach": false,
  "metrics": {
    "portfolio_daily_loss_pct": 0.001286215042230415,
    "abs_net_exposure_quote": 9649.420300000002,
    "max_equity_share_pct": 0.5808521756452973,
    "total_equity_quote": 13550.5797,
    "concentration_candidate_bot_count": 2,
    "concentration_min_equity_quote": 100.0
  },
  "risk_scope_bots": [
    "bot1",
    "bot4"
  ],
  "bots": {
    "bot1": {
      "equity_quote": 7870.8837,
      "base_pct": 0.16146645642852023,
      "daily_loss_pct": 0.002207497990916189,
      "drawdown_pct": 0.002442284489337641,
      "directional_exposure_quote": -5329.116300000001,
      "base_exposure_abs_quote": 1270.8837
    },
    "bot2": {
      "equity_quote": 77232.195,
      "base_pct": 0.8705203186313687,
      "daily_loss_pct": 0.0,
      "drawdown_pct": 0.0,
      "directional_exposure_quote": 57232.19500000001,
      "base_exposure_abs_quote": 67232.195
    },
    "bot3": {
      "equity_quote": 7890.2555,
      "base_pct": 0.16352518622495812,
      "daily_loss_pct": 0.0012096238298755313,
      "drawdown_pct": 0.0012277538756013374,
      "directional_exposure_quote": -5309.7445,
      "base_exposure_abs_quote": 1290.2555000000002
    },
    "bot4": {
      "equity_quote": 5679.696,
      "base_pct": 0.11967119366952034,
      "daily_loss_pct": 9.507460715700515e-06,
      "drawdown_pct": 1.100398899002484e-05,
      "directional_exposure_quote": -4320.304,
      "base_exposure_abs_quote": 679.696
    }
  },
  "findings": [
    {
      "severity": "warning",
      "check": "concentration_cap",
      "message": "concentration_warning",
      "details": {
        "max_equity_share_pct": 0.5808521756452973,
        "cap_pct": 0.7,
        "warn_level_pct": 0.5599999999999999,
        "candidate_bot_count": 2,
        "min_equity_quote": 100.0
      }
    }
  ],
  "actions": [
    {
      "bot": "bot1",
      "action": "soft_pause",
      "event_id": "7ed20287-5425-44e5-a9db-31015ea5c4a4"
    },
    {
      "bot": "bot4",
      "action": "soft_pause",
      "event_id": "98225a00-1055-4ea1-ba0e-d36346c9103d"
    }
  ]
}