{
  "ts_utc": "2026-02-24T02:34:32.062193+00:00",
  "status": "warning",
  "critical_count": 0,
  "warning_count": 1,
  "portfolio_action": "soft_pause",
  "limits_path": "F:\\Environement\\git-repo\\hummingbot_custo\\hbot\\config\\portfolio_limits_v1.json",
  "publish_actions_enabled": true,
  "synthetic_breach": false,
  "metrics": {
    "portfolio_daily_loss_pct": 3.326893549829258e-05,
    "abs_net_exposure_quote": 9632.4043,
    "max_equity_share_pct": 0.5813778560633259,
    "total_equity_quote": 13567.5957,
    "concentration_candidate_bot_count": 2,
    "concentration_min_equity_quote": 100.0
  },
  "risk_scope_bots": [
    "bot1",
    "bot4"
  ],
  "bots": {
    "bot1": {
      "equity_quote": 7887.8997,
      "base_pct": 0.16327536467026832,
      "daily_loss_pct": 5.037842704986353e-05,
      "drawdown_pct": 0.00028567250850892805,
      "directional_exposure_quote": -5312.1003,
      "base_exposure_abs_quote": 1287.8997000000002
    },
    "bot2": {
      "equity_quote": 77232.195,
      "base_pct": 0.8705203186313687,
      "daily_loss_pct": 0.0,
      "drawdown_pct": 0.0,
      "directional_exposure_quote": 57232.19500000001,
      "base_exposure_abs_quote": 67232.195
    },
    "bot3": {
      "equity_quote": 7890.2555,
      "base_pct": 0.16352518622495812,
      "daily_loss_pct": 0.0012096238298755313,
      "drawdown_pct": 0.0012277538756013374,
      "directional_exposure_quote": -5309.7445,
      "base_exposure_abs_quote": 1290.2555000000002
    },
    "bot4": {
      "equity_quote": 5679.696,
      "base_pct": 0.11967119366952034,
      "daily_loss_pct": 9.507460715700515e-06,
      "drawdown_pct": 1.100398899002484e-05,
      "directional_exposure_quote": -4320.304,
      "base_exposure_abs_quote": 679.696
    }
  },
  "findings": [
    {
      "severity": "warning",
      "check": "concentration_cap",
      "message": "concentration_warning",
      "details": {
        "max_equity_share_pct": 0.5813778560633259,
        "cap_pct": 0.7,
        "warn_level_pct": 0.5599999999999999,
        "candidate_bot_count": 2,
        "min_equity_quote": 100.0
      }
    }
  ],
  "actions": [
    {
      "bot": "bot1",
      "action": "soft_pause",
      "event_id": "2f76ca5d-4326-4c0a-8d63-b6bfc9236e98"
    },
    {
      "bot": "bot4",
      "action": "soft_pause",
      "event_id": "76ab6f5f-f686-4bc2-a9ec-20fcdb2d3cdf"
    }
  ]
}