{
  "ts_utc": "2026-02-25T23:18:41.475084+00:00",
  "status": "critical",
  "critical_count": 1,
  "warning_count": 0,
  "portfolio_action": "kill_switch",
  "limits_path": "/workspace/hbot/config/portfolio_limits_v1.json",
  "publish_actions_enabled": true,
  "synthetic_breach": false,
  "metrics": {
    "portfolio_daily_loss_pct": 8.73826907568867e-06,
    "abs_net_exposure_quote": 3728.612857733196,
    "max_equity_share_pct": 0.9190959959748652,
    "total_equity_quote": 6179.654818293131,
    "concentration_candidate_bot_count": 2,
    "concentration_min_equity_quote": 100.0
  },
  "risk_scope_bots": [
    "bot1",
    "bot4"
  ],
  "bots": {
    "bot1": {
      "equity_quote": 499.95881829313095,
      "base_pct": 1.0917398799833644,
      "daily_loss_pct": 0.0,
      "drawdown_pct": 0.002562492901097732,
      "directional_exposure_quote": 591.691142266804,
      "base_exposure_abs_quote": 545.8249802799675
    },
    "bot2": {
      "equity_quote": 77232.195,
      "base_pct": 0.8705203186313687,
      "daily_loss_pct": 0.0,
      "drawdown_pct": 0.0,
      "directional_exposure_quote": 57232.19500000001,
      "base_exposure_abs_quote": 67232.195
    },
    "bot3": {
      "equity_quote": 7890.2555,
      "base_pct": 0.16352518622495812,
      "daily_loss_pct": 0.0012096238298755313,
      "drawdown_pct": 0.0012277538756013374,
      "directional_exposure_quote": -5309.7445,
      "base_exposure_abs_quote": 1290.2555000000002
    },
    "bot4": {
      "equity_quote": 5679.696,
      "base_pct": 0.11967119366952034,
      "daily_loss_pct": 9.507460715700515e-06,
      "drawdown_pct": 1.100398899002484e-05,
      "directional_exposure_quote": -4320.304,
      "base_exposure_abs_quote": 679.696
    }
  },
  "findings": [
    {
      "severity": "critical",
      "check": "concentration_cap",
      "message": "concentration_breach",
      "details": {
        "max_equity_share_pct": 0.9190959959748652,
        "cap_pct": 0.7,
        "warn_level_pct": 0.5599999999999999,
        "candidate_bot_count": 2,
        "min_equity_quote": 100.0
      }
    }
  ],
  "actions": [
    {
      "bot": "bot1",
      "action": "kill_switch",
      "event_id": "f78af52e-9644-4cd7-bf27-2a5db18ef3ac"
    },
    {
      "bot": "bot4",
      "action": "kill_switch",
      "event_id": "46a478ed-8625-49e1-a14b-f08fd7ba2eef"
    }
  ]
}